{"cameraMode":{"drawMode":0,"name":"Shaded","section":"Shading Mode"},"sceneLighting":true,"audioPlay":false,"sceneViewState":{"m_AlwaysRefresh":false,"showFog":true,"showSkybox":true,"showFlares":true,"showImageEffects":true,"showParticleSystems":true,"showVisualEffectGraphs":true,"m_FxEnabled":true},"in2DMode":false,"pivot":{"x":0.16857266426086427,"y":0.7399046421051025,"z":0.0721043050289154},"rotation":{"x":-0.005588683299720287,"y":-0.9917693734169006,"z":0.04645828157663345,"w":-0.11929384618997574},"size":1.1302086114883423,"orthographic":false}